<?xml version="1.0" encoding="UTF-8"?>
<!DOCTYPE log4j:configuration PUBLIC "-//APACHE//DTD LOG4J 1.2//EN" "log4j.dtd">
<log4j:configuration>

    <appender name="console" class="org.apache.log4j.ConsoleAppender">
        <param name="Target" value="System.out" />
        <param name="Encoding" value="UTF-8" />
        <layout class="org.apache.log4j.PatternLayout">
            <param name="ConversionPattern" value="%-5p: %c - %m%n" />
        </layout>
    </appender>

    <!-- Only show info logs from your package -->
    <logger name="org.refit.spring.mapper">
        <level value="INFO" />
    </logger>

    <!-- Suppress verbose logs -->
    <logger name="org.mybatis">
        <level value="WARN" />
    </logger>
    <logger name="org.apache.ibatis">
        <level value="WARN" />
    </logger>
    <logger name="org.springframework">
        <level value="WARN" />
    </logger>
    <logger name="com.zaxxer.hikari">
        <level value="WARN" />
    </logger>

    <!-- Optional: hide Hibernate if used -->
    <logger name="org.hibernate">
        <level value="WARN" />
    </logger>

    <root>
        <priority value="ERROR" />
        <appender-ref ref="console" />
    </root>
</log4j:configuration>